source,target,weight
Spider-Man: No Way Home,The Amazing Spider-Man,0.1762587635936289
Spider-Man: No Way Home,The Amazing Spider-Man 2,0.18052954707919822
Spider-Man: No Way Home,Spider-Man: Far From Home,0.1920911544867564
Spider-Man: No Way Home,Spider-Man: Homecoming,0.19137660776545834
Spider-Man: No Way Home,Spider-Man,0.20881775202955927
Spider-Man: No Way Home,Spider-Man: Into the Spider-Verse,0.18955660162552246
Spider-Man: No Way Home,Spider-Man 3,0.17239743564794813
The Batman,Batman Begins,0.15808807242485334
The Batman,The Dark Knight Rises,0.13434429588097282
The Batman,The Dark Knight,0.1283671515729024
The Batman,Joker,0.1524403305900638
The Batman,"Batman: The Long Halloween, Part Two",0.20895256787762898
The Batman,"Batman: The Long Halloween, Part One",0.20169113389263904
The Batman,Batman: Hush,0.1554710715162113
The Batman,Blitz,0.15605929919312614
The Batman,"Batman: The Dark Knight Returns, Part 1",0.14870616951867663
Encanto,Onward,0.0708022292453941
The Commando,Now You See Me,0.06813296527984955
Scream,Texas Chainsaw Massacre,0.056362542485194615
Scream,Fear Street: 1994,0.05869998779754763
Scream,There's Someone Inside Your House,0.06874024037907617
Scream,Scream,0.07682984294428062
Scream,Blitz,0.04998328387785404
Scream,Scream 4,0.0497019793330594
Scream,Fear Street: 1666,0.06805853953580662
Fistful of Vengeance,Ava,0.05191419151314456
Fistful of Vengeance,The Warrior's Way,0.04672265591486424
Eternals,Jiu Jitsu,0.055589026735642616
Eternals,District 9,0.044198558757905695
My Hero Academia: World Heroes' Mission,My Hero Academia: Heroes Rising,0.04599639968705032
The Ice Age Adventures of Buck Wild,Palmer,0.04200997526691145
Hotel Transylvania: Transformania,Monster Pets: A Hotel Transylvania Short,0.06833691412640525
Hotel Transylvania: Transformania,Monster Family 2,0.04183650073806962
Hotel Transylvania: Transformania,Hotel Transylvania 3: Summer Vacation,0.08162303953188055
Hotel Transylvania: Transformania,Ghost Rider,0.04861391489277681
Texas Chainsaw Massacre,Scream,0.056362542485194615
Texas Chainsaw Massacre,The Texas Chain Saw Massacre,0.05843459007104812
The Requin,Black Water: Abyss,0.03557146622183844
Sing 2,Sing,0.034493455788742716
Venom: Let There Be Carnage,Spider-Man 3,0.04318752426330002
Venom: Let There Be Carnage,Venom,0.07353312930877655
The Matrix Resurrections,Infinite,0.03092720474780843
The Matrix Resurrections,The Matrix Revolutions,0.02769579606559882
The Matrix Resurrections,The Matrix Reloaded,0.05612820588349186
Resident Evil: Welcome to Raccoon City,Spirit Untamed,0.028968151608265342
Last Man Down,Framed by My Husband,0.024426136587709927
American Siege,Antlers,0.026883226781458575
Uncharted,Uncharted: Live Action Fan Film,0.05442438570806947
Ghostbusters: Afterlife,Antlers,0.024787010355720358
Ghostbusters: Afterlife,Journey 2: The Mysterious Island,0.03146126172418414
Ghostbusters: Afterlife,In for a Murder,0.027251017946878037
The Hunting,Women,0.022329407333971554
One Shot,Cell 211,0.02017895337036959
One Shot,Rambo: First Blood Part II,0.017143041173523624
Tom and Jerry: Cowboy Up!,Tom & Jerry,0.02260701124080546
Tom and Jerry: Cowboy Up!,Tom and Jerry: The Fast and the Furry,0.02235310187338285
Clifford the Big Red Dog,Cherry,0.017340898558270704
The Boss Baby: Family Business,Ted 2,0.01981478545341633
Turning Red,Up,0.017501333911422095
Brazen,Fear Street: 1978,0.01478346820767741
Free Guy,Ready Player One,0.013035653254138425
Free Guy,Ralph Breaks the Internet,0.01164369559278123
Free Guy,Pixels,0.01861342257832919
The Simpsons in Plusaversary,"The Simpsons: The Good, the Bart, and the Loki",0.011783396066697375
The Simpsons in Plusaversary,The Simpsons Movie,0.016019973505150383
The Simpsons in Plusaversary,Descendants 3,0.010958915318421648
Luca,Ciao Alberto,0.015477476534963288
Zack Snyder's Justice League,Injustice,0.011011590452069665
Zack Snyder's Justice League,Justice League,0.02301874396268833
Dune,Jupiter Ascending,0.01053775284870589
The Privilege,Dragon Fury,0.011059130116007303
The Privilege,Tom Clancy's Without Remorse,0.010513358847377008
The Privilege,Fear Street: 1994,0.01294091665075551
Antlers,American Siege,0.026883226781458575
Antlers,Ghostbusters: Afterlife,0.024787010355720358
Antlers,Fear Street: 1666,0.010631615175090283
Antlers,Women,0.012904808829115946
After We Fell,After We Collided,0.015594127167652898
After We Fell,After,0.018619869719688445
After We Fell,After Ever Happy,0.00981174425762946
Finch,Peninsula,0.009549419303927397
Avengers: Infinity War,Avengers: Endgame,0.014725125027085919
Batman,Batman Begins,0.010462925138533457
Batman,The Dark Knight,0.011737873058969448
Batman,Batman Returns,0.015762856135427952
Batman,Hummingbird,0.009633662818958656
The Wonderful Winter of Mickey Mouse,Bambi,0.015560670225548094
F9,Furious 7,0.018761987165076592
F9,Drive,0.00992271855196115
Moonfall,Godzilla vs. Kong,0.01059516363161795
Sonic the Hedgehog 2,Sonic the Hedgehog,0.01209498112116894
The Pirates: The Last Royal Treasure,Ice Age: Continental Drift,0.007865067240876548
Paranormal Activity: Next of Kin,The Maze Runner,0.007852527370881058
Godzilla vs. Kong,Moonfall,0.01059516363161795
Godzilla vs. Kong,X-Men: Days of Future Past,0.007427862207697332
The Amazing Spider-Man,Spider-Man: No Way Home,0.1762587635936289
The Amazing Spider-Man,The Amazing Spider-Man 2,0.013864526998237156
The Amazing Spider-Man,Spider-Man: Far From Home,0.009002178862329785
The Amazing Spider-Man,Spider-Man: Homecoming,0.009265887004764413
The Amazing Spider-Man,Spider-Man,0.011431373634806237
The Amazing Spider-Man,Spider-Man 3,0.010490659427324321
The Amazing Spider-Man,Peter Rabbit 2: The Runaway,0.010486581796073584
The Amazing Spider-Man,Peter Pan,0.008576345504290952
The Amazing Spider-Man,Brothers by Blood,0.008485435011623453
Avatar,The Matrix,0.0074760153529303455
Avatar,Stand by Me Doraemon,0.007472652400588153
Army of Thieves,Army of the Dead,0.00720774769419011
The Tomorrow War,X-Men: Days of Future Past,0.00844658011960547
Home Team,American Underdog,0.009707828324850256
Raya and the Last Dragon,How to Train Your Dragon 2,0.006956915319910574
Raya and the Last Dragon,How to Train Your Dragon: Homecoming,0.00996935542633826
Raya and the Last Dragon,Scooby-Doo! The Sword and the Scoob,0.007377707107659202
Raya and the Last Dragon,Barbie as Rapunzel,0.008075265920790503
Infinite,The Matrix Resurrections,0.03092720474780843
Space Jam: A New Legacy,Teen Titans Go! See Space Jam,0.007068958465139766
The Conjuring: The Devil Made Me Do It,The Conjuring,0.011938321181396865
The Conjuring: The Devil Made Me Do It,The Conjuring 2,0.00843991346753543
Batman Begins,The Batman,0.15808807242485334
Batman Begins,Batman,0.010462925138533457
Batman Begins,Joker,0.0077646546432130654
Batman Begins,The Lego Batman Movie,0.0067926472293821025
Batman Begins,Batman: Hush,0.007237016475251647
Batman Begins,"Batman: The Dark Knight Returns, Part 1",0.010503608622695103
Ciao Alberto,Luca,0.015477476534963288
Gone Mom: The Disappearance of Jennifer Dulos,What the Peeper Saw,0.008927881166970002
Apex,Ida Red,0.007225659277798718
Apex,The Unforgivable,0.005983172502247491
Love Tactics,Tentacles,0.007820194117666617
Love Tactics,101 Dalmatians,0.005541969308283466
Miraculous World: Shanghai – The Legend of Ladydragon,"Miraculous World: New York, United HeroeZ",0.007899168104241688
"Miraculous World: New York, United HeroeZ",Miraculous World: Shanghai – The Legend of Ladydragon,0.007899168104241688
Surviving Paradise: A Family Tale,Bambi,0.006502189018302418
My Hero Academia: Heroes Rising,My Hero Academia: World Heroes' Mission,0.04599639968705032
My Hero Academia: Heroes Rising,My Hero Academia: Two Heroes,0.0077214542335611236
Amina,Hachi: A Dog's Tale,0.006741788642969712
Encounter,San Andreas,0.005433468777619644
Son,Demonic,0.007929330914024419
Son,Separation,0.0051768761812963394
Son,Malignant,0.0052740478088436375
Son,Those Who Wish Me Dead,0.005441381762705591
Son,The Lost Daughter,0.007138032648084422
Son,Blood Red Sky,0.006532554536096255
The Amazing Spider-Man 2,Spider-Man: No Way Home,0.18052954707919822
The Amazing Spider-Man 2,The Amazing Spider-Man,0.013864526998237156
The Amazing Spider-Man 2,Spider-Man: Far From Home,0.00711938798311485
The Amazing Spider-Man 2,Spider-Man: Homecoming,0.007609463390176296
The Amazing Spider-Man 2,Spider-Man,0.007481673962837197
The Amazing Spider-Man 2,Spider-Man 3,0.006164354015057055
The Amazing Spider-Man 2,I Want You Back,0.005860654357679032
The Amazing Spider-Man 2,Peter Rabbit 2: The Runaway,0.008086230753451263
The Amazing Spider-Man 2,Peter Pan,0.0059144521791729375
The Amazing Spider-Man 2,Spider-Man: Across the Spider-Verse (Part One),0.007940367319975382
The Amazing Spider-Man 2,Single All the Way,0.0059767240873380345
The Amazing Spider-Man 2,Brothers by Blood,0.005908064639028849
Catwoman: Hunted,Masquerade,0.005497687996595109
Catwoman: Hunted,Batman: Hush,0.005114955110714393
Hacksaw Ridge,King Richard,0.006017823618269957
Hacksaw Ridge,13 Hours: The Secret Soldiers of Benghazi,0.005540456030294452
Crazy Fist,Bartkowiak,0.006938521596406798
Harry Potter and the Philosopher's Stone,Harry Potter and the Chamber of Secrets,0.007245634717551485
Harry Potter and the Philosopher's Stone,Harry Potter and the Goblet of Fire,0.006364016900736868
Harry Potter and the Philosopher's Stone,Harry Potter and the Prisoner of Azkaban,0.006775488033174875
Harry Potter and the Philosopher's Stone,Harry Potter and the Deathly Hallows: Part 1,0.005153700413369274
The Avengers,Avengers: Age of Ultron,0.005216925539415001
Dragon Fury,The Privilege,0.011059130116007303
Dragon Fury,Straight Outta Nowhere: Scooby-Doo! Meets Courage the Cowardly Dog,0.007372686787751318
Spider-Man: Far From Home,Spider-Man: No Way Home,0.1920911544867564
Spider-Man: Far From Home,The Amazing Spider-Man,0.009002178862329785
Spider-Man: Far From Home,The Amazing Spider-Man 2,0.00711938798311485
Spider-Man: Far From Home,Peter Rabbit 2: The Runaway,0.005589352049067302
Spider-Man: Far From Home,Single All the Way,0.005617999251960807
After We Collided,After We Fell,0.015594127167652898
After We Collided,After,0.00709691284404309
After We Collided,After Ever Happy,0.005339844866423863
After We Collided,Finding Grace,0.006964210632998685
The Desperate Hour,Grudge,0.005033040035528529
Dragon Ball Z: Resurrection 'F',Dragon Ball Z: Cooler's Revenge,0.006689684497554888
Dragon Ball Z: Resurrection 'F',Dragon Ball Super: Broly,0.0065905194302040004
Dragon Ball Z: Resurrection 'F',Dragon Ball Z: Bardock - The Father of Goku,0.004971187083144233
Seal Team,Tom Clancy's Without Remorse,0.005039575630858998
The Maze Runner,Paranormal Activity: Next of Kin,0.007852527370881058
The Maze Runner,Maze Runner: The Death Cure,0.004809840257484648
Ashfall,Peninsula,0.006802249003212099
The Deep House,No One Gets Out Alive,0.005019774480769768
Boruto: Naruto the Movie,The Day Naruto Became Hokage,0.010318451305702176
Harry Potter and the Chamber of Secrets,Harry Potter and the Philosopher's Stone,0.007245634717551485
Harry Potter and the Chamber of Secrets,Harry Potter and the Goblet of Fire,0.005708312585874567
Harry Potter and the Chamber of Secrets,Harry Potter and the Prisoner of Azkaban,0.005292147657223285
Harry Potter and the Chamber of Secrets,Harry Potter and the Half-Blood Prince,0.006739358891608162
Harry Potter and the Chamber of Secrets,Harry Potter and the Order of the Phoenix,0.005442488489552278
Harry Potter and the Chamber of Secrets,Harry Potter and the Deathly Hallows: Part 2,0.006419328509572655
Harry Potter and the Chamber of Secrets,Harry Potter and the Deathly Hallows: Part 1,0.007952065455917881
Sonic the Hedgehog,Sonic the Hedgehog 2,0.01209498112116894
Ava,Fistful of Vengeance,0.05191419151314456
Ava,No Sudden Move,0.0036721203328540447
Ava,The Warrior's Way,0.003981306557962593
Ava,Hitman: Agent 47,0.0038282407620339894
Don't Breathe 2,Masquerade,0.004648163399233708
Don't Breathe 2,Me Before You,0.0048117397465803095
Don't Breathe 2,Don't Breathe,0.0071316108424616265
Spider-Man: Homecoming,Spider-Man: No Way Home,0.19137660776545834
Spider-Man: Homecoming,The Amazing Spider-Man,0.009265887004764413
Spider-Man: Homecoming,The Amazing Spider-Man 2,0.007609463390176296
Spider-Man: Homecoming,Spider-Man,0.007970321020800772
Spider-Man: Homecoming,Spider-Man: Into the Spider-Verse,0.005613773189453535
Spider-Man: Homecoming,Spider-Man 3,0.007044391413732009
Spider-Man: Homecoming,Iron Man 2,0.005031564956242469
Spider-Man: Homecoming,Avengers: Age of Ultron,0.005132339396076543
Spider-Man,Spider-Man: No Way Home,0.20881775202955927
Spider-Man,The Amazing Spider-Man,0.011431373634806237
Spider-Man,The Amazing Spider-Man 2,0.007481673962837197
Spider-Man,Spider-Man: Homecoming,0.007970321020800772
Spider-Man,Spider-Man: Into the Spider-Verse,0.007857529972087099
Spider-Man,Spider-Man 3,0.00870361377892592
Spider-Man,Spider-Man: Across the Spider-Verse (Part One),0.0067873294361952795
Avengers: Endgame,Avengers: Infinity War,0.014725125027085919
After,After We Fell,0.018619869719688445
After,After We Collided,0.00709691284404309
Tall Girl 2,Minnal Murali,0.0046861118477994745
Dog,Bad Trip,0.006382144684027863
Tom & Jerry,Tom and Jerry: Cowboy Up!,0.02260701124080546
Tom & Jerry,Tom and Jerry: The Fast and the Furry,0.008970803869461298
Against the Ice,Ice Age: The Meltdown,0.004260921730543268
Harry Potter and the Goblet of Fire,Harry Potter and the Philosopher's Stone,0.006364016900736868
Harry Potter and the Goblet of Fire,Harry Potter and the Chamber of Secrets,0.005708312585874567
Harry Potter and the Goblet of Fire,Harry Potter and the Prisoner of Azkaban,0.0045122745437821766
Harry Potter and the Goblet of Fire,Harry Potter and the Order of the Phoenix,0.00476727245960038
Harry Potter and the Goblet of Fire,Harry Potter and the Deathly Hallows: Part 2,0.0047088626068802425
Harry Potter and the Goblet of Fire,Harry Potter and the Deathly Hallows: Part 1,0.004627395776740733
Pretty Guardian Sailor Moon Eternal The Movie Part 2,Guardians of the Galaxy Vol. 2,0.004949373098742684
Pretty Guardian Sailor Moon Eternal The Movie Part 2,Trollhunters: Rise of the Titans,0.006632774603426355
Demonic,Son,0.007929330914024419
Demonic,The Lost Daughter,0.004256839319534797
Black Water: Abyss,The Requin,0.03557146622183844
Black Water: Abyss,Swim,0.004573787296321121
The SpongeBob Movie: Sponge on the Run,The SpongeBob SquarePants Movie,0.007591545430894764
Spider-Man: Into the Spider-Verse,Spider-Man: No Way Home,0.18955660162552246
Spider-Man: Into the Spider-Verse,Spider-Man: Homecoming,0.005613773189453535
Spider-Man: Into the Spider-Verse,Spider-Man,0.007857529972087099
Spider-Man: Into the Spider-Verse,Spider-Man 3,0.004712611269428426
Spider-Man: Into the Spider-Verse,Spider-Man: Across the Spider-Verse (Part One),0.010518413359580885
Harry Potter and the Prisoner of Azkaban,Harry Potter and the Philosopher's Stone,0.006775488033174875
Harry Potter and the Prisoner of Azkaban,Harry Potter and the Chamber of Secrets,0.005292147657223285
Harry Potter and the Prisoner of Azkaban,Harry Potter and the Goblet of Fire,0.0045122745437821766
Harry Potter and the Prisoner of Azkaban,Harry Potter and the Half-Blood Prince,0.0040932799963331575
Deadpool,Deadpool 2,0.006934634716329558
"Monsters, Inc.",Monsters University,0.004839331853765597
Don't Look Up,Project Gemini,0.0039003490709448346
Cars 3,Cars,0.0041415545774972215
Spider-Man 3,Spider-Man: No Way Home,0.17239743564794813
Spider-Man 3,Venom: Let There Be Carnage,0.04318752426330002
Spider-Man 3,The Amazing Spider-Man,0.010490659427324321
Spider-Man 3,The Amazing Spider-Man 2,0.006164354015057055
Spider-Man 3,Spider-Man: Homecoming,0.007044391413732009
Spider-Man 3,Spider-Man,0.00870361377892592
Spider-Man 3,Spider-Man: Into the Spider-Verse,0.004712611269428426
Spider-Man 3,Spider-Man: Across the Spider-Verse (Part One),0.005419285323366381
Iron Man 2,Spider-Man: Homecoming,0.005031564956242469
Iron Man 2,Iron Man,0.004462286422548768
Iron Man 2,Iron Man 3,0.003978849232752506
Soul,22 vs. Earth,0.005079280855776888
Pirates of the Caribbean: On Stranger Tides,Pirates of the Caribbean: The Curse of the Black Pearl,0.005773453974384185
Pirates of the Caribbean: On Stranger Tides,Pirates of the Caribbean: Dead Man's Chest,0.004270289369765536
A Quiet Place Part II,A Quiet Place,0.008633597045399293
What the Peeper Saw,Gone Mom: The Disappearance of Jennifer Dulos,0.008927881166970002
The Dark Knight Rises,The Batman,0.13434429588097282
The Dark Knight Rises,The Dark Knight,0.006206059764966791
The Dark Knight Rises,Batman & Robin,0.0036722728996550274
The Dark Knight Rises,"Batman: The Long Halloween, Part Two",0.008215184254941239
The Dark Knight Rises,"Batman: The Long Halloween, Part One",0.008300321417419532
The Dark Knight Rises,Batman Forever,0.004297344146952788
The Dark Knight Rises,Batman: Hush,0.003812216929441126
The Dark Knight Rises,"Batman: The Dark Knight Returns, Part 1",0.0039020256942343657
Trolls Holiday in Harmony,The Grinch,0.004371846414796677
Trolls Holiday in Harmony,Trolls World Tour,0.005841437511722032
My Hero Academia: Two Heroes,My Hero Academia: Heroes Rising,0.0077214542335611236
Harry Potter and the Half-Blood Prince,Harry Potter and the Chamber of Secrets,0.006739358891608162
Harry Potter and the Half-Blood Prince,Harry Potter and the Prisoner of Azkaban,0.0040932799963331575
Harry Potter and the Half-Blood Prince,Harry Potter and the Order of the Phoenix,0.0051524355153107415
Harry Potter and the Half-Blood Prince,Harry Potter and the Deathly Hallows: Part 2,0.004446212459382306
Harry Potter and the Half-Blood Prince,Harry Potter and the Deathly Hallows: Part 1,0.0069317682870055075
Jurassic Hunt,Jurassic World,0.003939527495882846
American Underdog,Home Team,0.009707828324850256
The Dark Knight,The Batman,0.1283671515729024
The Dark Knight,Batman,0.011737873058969448
The Dark Knight,The Dark Knight Rises,0.006206059764966791
The Dark Knight,"Batman: The Long Halloween, Part Two",0.006765799161869225
The Dark Knight,"Batman: The Long Halloween, Part One",0.0066519736934479035
The Dark Knight,Batman Forever,0.00413134282732715
The Dark Knight,Batman: The Killing Joke,0.00439847777266032
Three Steps Above Heaven,I Want You,0.004759673931161405
Undisputed III: Redemption,Boyka: Undisputed IV,0.0036795579531173003
Toy Story,Toy Story 2,0.009293212974803379
Toy Story,Toy Story 4,0.006218061694225363
Toy Story,Toy Story 3,0.010862986686205786
Separation,Son,0.0051768761812963394
Separation,Me Before You,0.003393323836043657
Separation,Butchers,0.0032718723484847544
Dragon Ball Super: Super Hero,Dragon Ball Z: Cooler's Revenge,0.0034541122995783583
Dragon Ball Super: Super Hero,Dragon Ball Z: Super Android 13!,0.00400225522776005
Dragon Ball Super: Super Hero,Dragon Ball Z: The Return of Cooler,0.004182158615127954
After Ever Happy,After We Fell,0.00981174425762946
After Ever Happy,After We Collided,0.005339844866423863
Brothers,Machine Gun Preacher,0.0038188829487139776
Brothers,TRON: Legacy,0.0034389397873001693
Shrek,Shrek 2,0.005222988044170325
Shrek,Shrek the Third,0.0040945569910480935
Jackass Forever,Jackass 3D,0.0049103398622695775
Monster Pets: A Hotel Transylvania Short,Hotel Transylvania: Transformania,0.06833691412640525
Monster Pets: A Hotel Transylvania Short,Hotel Transylvania 3: Summer Vacation,0.003909651591329415
The Hobbit: The Battle of the Five Armies,The Hobbit: An Unexpected Journey,0.0048986912211331675
The Hobbit: The Battle of the Five Armies,The Hobbit: The Desolation of Smaug,0.0058465146767648175
Monster Family 2,Hotel Transylvania: Transformania,0.04183650073806962
Monster Family 2,Hotel Transylvania 3: Summer Vacation,0.0032724898645048414
Monster Family 2,Dragon Ball Z: Wrath of the Dragon,0.003627546977803349
Monster Family 2,Dragon Ball Z: Fusion Reborn,0.00346306899504076
Monster Family 2,Rumble,0.0042299600869384725
Gunpowder Milkshake,Life in a Year,0.0034539108145505556
Gunpowder Milkshake,Orphan,0.003772423758831267
Narco Sub,Tom and Jerry: The Fast and the Furry,0.004185248519589248
Harry Potter and the Order of the Phoenix,Harry Potter and the Chamber of Secrets,0.005442488489552278
Harry Potter and the Order of the Phoenix,Harry Potter and the Goblet of Fire,0.00476727245960038
Harry Potter and the Order of the Phoenix,Harry Potter and the Half-Blood Prince,0.0051524355153107415
Harry Potter and the Order of the Phoenix,Harry Potter and the Deathly Hallows: Part 2,0.004098239782415028
Harry Potter and the Order of the Phoenix,Harry Potter and the Deathly Hallows: Part 1,0.00438266305728281
Straight Outta Nowhere: Scooby-Doo! Meets Courage the Cowardly Dog,Dragon Fury,0.007372686787751318
Straight Outta Nowhere: Scooby-Doo! Meets Courage the Cowardly Dog,Scooby-Doo,0.003205302298556868
Straight Outta Nowhere: Scooby-Doo! Meets Courage the Cowardly Dog,Spirited Away,0.0035843158001766565
Descendants: The Royal Wedding,The Grinch,0.004355852104857504
Descendants: The Royal Wedding,Descendants 3,0.0037014589258614894
Frozen II,Once Upon a Snowman,0.003816429187431506
Frozen II,Frozen,0.006811516166522367
Frozen II,Shrek the Third,0.003353018502523491
Swim,Black Water: Abyss,0.004573787296321121
Zone 414,Solitary,0.0033336330585572583
Zone 414,A Walk Among the Tombstones,0.005303663959310446
Harry Potter and the Deathly Hallows: Part 2,Harry Potter and the Chamber of Secrets,0.006419328509572655
Harry Potter and the Deathly Hallows: Part 2,Harry Potter and the Goblet of Fire,0.0047088626068802425
Harry Potter and the Deathly Hallows: Part 2,Harry Potter and the Half-Blood Prince,0.004446212459382306
Harry Potter and the Deathly Hallows: Part 2,Harry Potter and the Order of the Phoenix,0.004098239782415028
Harry Potter and the Deathly Hallows: Part 2,Harry Potter and the Deathly Hallows: Part 1,0.007618867745465497
Avengers: Age of Ultron,The Avengers,0.005216925539415001
Avengers: Age of Ultron,Spider-Man: Homecoming,0.005132339396076543
Avengers: Age of Ultron,Iron Man,0.0031792785837946543
Thor: Ragnarok,Thor,0.004889025810247811
Thor: Ragnarok,Thor: The Dark World,0.0046292854947599885
It Chapter Two,It,0.004679342479456591
The Lion King,The Lion King II: Simba's Pride,0.002764966575680673
King Richard,Hacksaw Ridge,0.006017823618269957
Batman Returns,Batman,0.015762856135427952
Batman Returns,Batman Forever,0.0034302623872800343
The Twilight Saga: Eclipse,Twilight,0.005489573944492417
The Twilight Saga: Eclipse,The Twilight Saga: Breaking Dawn - Part 1,0.004386513767081357
The Twilight Saga: Eclipse,The Twilight Saga: New Moon,0.00569286400186235
Wild Indian,The Unforgivable,0.003011865625417601
Wild Indian,Brothers by Blood,0.0029835106058630637
Project X,¡Qué Despadre!,0.0033888875276714965
Project X,Safer at Home,0.004477767925552024
Project X,"I Love You, Beth Cooper",0.004007706308176034
Project X,Superbad,0.0050576285723785055
Project X,Photocopier,0.0032325227651853056
Project X,Chronicle,0.0030055484991175882
Ida Red,Apex,0.007225659277798718
Ida Red,The Unforgivable,0.003852752911317036
Vanguard,Central Intelligence,0.003047477603033002
Pirates of the Caribbean: The Curse of the Black Pearl,Pirates of the Caribbean: On Stranger Tides,0.005773453974384185
Pirates of the Caribbean: The Curse of the Black Pearl,Pirates of the Caribbean: Dead Man's Chest,0.003475786500869298
"The Simpsons: The Good, the Bart, and the Loki",The Simpsons in Plusaversary,0.011783396066697375
"The Simpsons: The Good, the Bart, and the Loki",Captain Marvel,0.004193457181689501
Vicky and Her Mystery,Vanquish,0.004446812580907877
Seobok: Project Clone,The Last Mercenary,0.003690801834103874
Seobok: Project Clone,Wild Card,0.0029945923343126695
Shrek 2,Shrek,0.005222988044170325
Shrek 2,Shrek the Third,0.00888214433530368
Shrek 2,Shrek Forever After,0.005816589994749576
Shrek 2,Godmothered,0.002926947702789411
Joker,The Batman,0.1524403305900638
Joker,Batman Begins,0.0077646546432130654
Jack Reacher,Jack Reacher: Never Go Back,0.0033712325247713293
Mulan,Mulan,0.004059012503531524
I Want You Back,The Amazing Spider-Man 2,0.005860654357679032
Pirates of the Caribbean: Dead Man's Chest,Pirates of the Caribbean: On Stranger Tides,0.004270289369765536
Pirates of the Caribbean: Dead Man's Chest,Pirates of the Caribbean: The Curse of the Black Pearl,0.003475786500869298
Rurouni Kenshin: The Beginning,Rurouni Kenshin: The Final,0.003238023439440696
Rurouni Kenshin: The Beginning,Mortal Engines,0.002820485640279996
Minnal Murali,Tall Girl 2,0.0046861118477994745
Pokémon: Mewtwo Strikes Back - Evolution,Pokémon the Movie: Secrets of the Jungle,0.003637298109694
Pokémon: Mewtwo Strikes Back - Evolution,Pokémon the Movie: I Choose You!,0.0030770771311685098
Fate/Grand Order Final Singularity – Grand Temple of Time: Solomon,Onward,0.0027910375393887113
Teenage Mutant Ninja Turtles,Thunder Force,0.0027237711104915567
Fifty Shades of Grey,Fifty Shades Freed,0.0035487585864205284
Fifty Shades of Grey,Fifty Shades Darker,0.00532669454685134
Fifty Shades of Grey,Fifty Shades of Black,0.003273213655661543
Ice Age,Ice Age: Dawn of the Dinosaurs,0.0062059920683399435
Ice Age,Ice Age: Continental Drift,0.0029050189494929496
Ice Age,Ice Age: The Meltdown,0.004840231213060778
Toy Story 2,Toy Story,0.009293212974803379
Toy Story 2,Toy Story 4,0.004781178217488572
Toy Story 2,Toy Story 3,0.006610584546353664
Sweet Girl,Tom Clancy's Without Remorse,0.00296952626456071
Spirit Untamed,Resident Evil: Welcome to Raccoon City,0.028968151608265342
Spirit Untamed,Spirit: Stallion of the Cimarron,0.0040565537101083585
Spirit Untamed,The Warrior's Way,0.0030018907467123865
Tom Clancy's Without Remorse,The Privilege,0.010513358847377008
Tom Clancy's Without Remorse,Seal Team,0.005039575630858998
Tom Clancy's Without Remorse,Sweet Girl,0.00296952626456071
Tom Clancy's Without Remorse,The Hitman's Bodyguard,0.002793479009493955
Harry Potter and the Deathly Hallows: Part 1,Harry Potter and the Philosopher's Stone,0.005153700413369274
Harry Potter and the Deathly Hallows: Part 1,Harry Potter and the Chamber of Secrets,0.007952065455917881
Harry Potter and the Deathly Hallows: Part 1,Harry Potter and the Goblet of Fire,0.004627395776740733
Harry Potter and the Deathly Hallows: Part 1,Harry Potter and the Half-Blood Prince,0.0069317682870055075
Harry Potter and the Deathly Hallows: Part 1,Harry Potter and the Order of the Phoenix,0.00438266305728281
Harry Potter and the Deathly Hallows: Part 1,Harry Potter and the Deathly Hallows: Part 2,0.007618867745465497
Injustice,Zack Snyder's Justice League,0.011011590452069665
Injustice,World War Z,0.0029390896557302216
American Badger,Predators,0.0033700169956018874
American Badger,A Nun's Curse,0.002601553887009558
LOL Surprise: The Movie,Confessions of an Invisible Girl,0.003961173191874822
The Bad Guys,Deadpool 2,0.003453308587451847
The Bad Guys,Sex and the City,0.002546312206715708
Venom,Venom: Let There Be Carnage,0.07353312930877655
The Last Mercenary,Seobok: Project Clone,0.003690801834103874
The Last Mercenary,Women,0.0033414122929927006
Cars 2,Central Intelligence,0.002983747681851214
Cars 2,Cars,0.0041985637586248545
Mickey and Minnie Wish Upon a Christmas,Mickey's Tale of Two Witches,0.0029971986414073473
Dragon Ball Z: Broly – The Legendary Super Saiyan,Dragon Ball Z: Battle of Gods,0.0039560819532813265
Dragon Ball Z: Broly – The Legendary Super Saiyan,Dragon Ball Z: Broly – Second Coming,0.00425630566631378
Dragon Ball Z: Broly – The Legendary Super Saiyan,Dragon Ball Z: Cooler's Revenge,0.0030764800142211125
Dragon Ball Z: Broly – The Legendary Super Saiyan,Dragon Ball Z: Super Android 13!,0.002493650658909215
Dragon Ball Z: Broly – The Legendary Super Saiyan,Dragon Ball Super: Broly,0.0038275577779599223
Dragon Ball Z: Broly – The Legendary Super Saiyan,Dragon Ball Z: Bardock - The Father of Goku,0.0038880148240584035
Doctor Strange in the Multiverse of Madness,Now You See Me 2,0.0030656193141221076
Army of the Dead,Army of Thieves,0.00720774769419011
Army of the Dead,Wild Card,0.0031481718012931975
Home Sweet Home Alone,Life in a Year,0.002662500084133353
Home Sweet Home Alone,Orphan,0.0031852976091743257
Home Sweet Home Alone,The Secret Life of Pets 2,0.0032317679797789585
Boyka: Undisputed IV,Undisputed III: Redemption,0.0036795579531173003
2012,Geostorm,0.0028120713286585923
Sing,Sing 2,0.034493455788742716
Peninsula,Finch,0.009549419303927397
Peninsula,Ashfall,0.006802249003212099
Ted 2,The Boss Baby: Family Business,0.01981478545341633
High School Teacher: Maturing,I Want You,0.0028699218595137684
Wonder Woman,Ghost Rider: Spirit of Vengeance,0.0023474842543262015
Wonder Woman,Prince of Persia: The Sands of Time,0.0024299053624132253
Wonder Woman,Hellboy,0.003207130797888494
Wonder Woman,Viking Quest,0.003101909430864711
A Day to Die,Taken,0.002643152595619955
Rascal Does Not Dream of a Dreaming Girl,Life in a Year,0.0025137193226405503
Rascal Does Not Dream of a Dreaming Girl,I Want to Eat Your Pancreas,0.0027251303081169613
Peter Rabbit 2: The Runaway,The Amazing Spider-Man,0.010486581796073584
Peter Rabbit 2: The Runaway,The Amazing Spider-Man 2,0.008086230753451263
Peter Rabbit 2: The Runaway,Spider-Man: Far From Home,0.005589352049067302
Peter Rabbit 2: The Runaway,Guardians of the Galaxy Vol. 2,0.002330195966424942
Peter Rabbit 2: The Runaway,Peter Pan,0.0029748766181453253
Peter Rabbit 2: The Runaway,Single All the Way,0.0028881577765342724
Dragon Ball Z: Battle of Gods,Dragon Ball Z: Broly – The Legendary Super Saiyan,0.0039560819532813265
Dragon Ball Z: Battle of Gods,Dragon Ball Z: Cooler's Revenge,0.0026204646221115267
Dragon Ball Z: Battle of Gods,Dragon Ball Z: Bardock - The Father of Goku,0.0022940316776982874
Journey 2: The Mysterious Island,Ghostbusters: Afterlife,0.03146126172418414
Deadpool 2,Deadpool,0.006934634716329558
Deadpool 2,The Bad Guys,0.003453308587451847
The Hunger Games: Mockingjay - Part 1,The Hunger Games: Mockingjay - Part 2,0.0023735885397764655
The Hunger Games: Mockingjay - Part 1,The Hunger Games: Catching Fire,0.003833933794368412
Dragon Ball Z: Broly – Second Coming,Dragon Ball Z: Broly – The Legendary Super Saiyan,0.00425630566631378
Dragon Ball Z: Broly – Second Coming,Dragon Ball Z: Bio-Broly,0.0023570384555630488
Dragon Ball Z: Broly – Second Coming,Dragon Ball Super: Broly,0.0022782134150963963
Dragon Ball Z: Broly – Second Coming,Dragon Ball Z: The Real 4-D at Super Tenkaichi Budokai,0.002358816124572056
The Conjuring,The Conjuring: The Devil Made Me Do It,0.011938321181396865
The Conjuring,The Conjuring 2,0.0037645360422443597
The Conjuring,Annabelle Comes Home,0.0026541708648381308
Fantastic Beasts and Where to Find Them,Fantastic Beasts: The Secrets of Dumbledore,0.002975725636916152
Fantastic Beasts and Where to Find Them,Fantastic Beasts: The Crimes of Grindelwald,0.002298366916605743
World War Z,Injustice,0.0029390896557302216
"Barbie: Big City, Big Dreams",Barbie: Princess Adventure,0.0023871441858788747
Teen Titans Go! See Space Jam,Space Jam: A New Legacy,0.007068958465139766
Once Upon a Snowman,Frozen II,0.003816429187431506
Once Upon a Snowman,Frozen,0.0027288201254739674
Fifty Shades Freed,Fifty Shades of Grey,0.0035487585864205284
Fifty Shades Freed,Fifty Shades Darker,0.0043303013993580535
Jiu Jitsu,Eternals,0.055589026735642616
Jiu Jitsu,We Can Be Heroes,0.0028267318632743395
The Lord of the Rings: The Fellowship of the Ring,The Hobbit: An Unexpected Journey,0.0025921155915064613
The Lord of the Rings: The Fellowship of the Ring,The Lord of the Rings: The Return of the King,0.0024013560098468563
The Lord of the Rings: The Fellowship of the Ring,The Lord of the Rings: The Two Towers,0.0021746527727648578
The Lord of the Rings: The Fellowship of the Ring,The Hobbit: The Desolation of Smaug,0.0026161197632044502
Thor,Thor: Ragnarok,0.004889025810247811
Thor,Thor: The Dark World,0.004324289466861409
Sex and the City,The Bad Guys,0.002546312206715708
Masquerade,Catwoman: Hunted,0.005497687996595109
Masquerade,Don't Breathe 2,0.004648163399233708
Masquerade,Don't Breathe,0.002471451765330966
More the Merrier,Sex with Love,0.0020947119358756846
The Exorcism of Carmen Farias,The Lost Daughter,0.002217450571428823
Frozen,Frozen II,0.006811516166522367
Frozen,Once Upon a Snowman,0.0027288201254739674
Naruto Shippuden the Movie: Road to Ninja,Naruto Shippuden the Movie: The Lost Tower,0.0022884309927725848
Naruto Shippuden the Movie: Road to Ninja,The Day Naruto Became Hokage,0.002092646671579951
Cinderella,Cinderella,0.0034927929514049294
Cinderella,Cinderella II: Dreams Come True,0.0009837195788095577
Cinderella,Cinderella III: A Twist in Time,0.0005705177674460346
Cinderella,Godmothered,0.0004999464110273338
Jurassic World: Fallen Kingdom,Jurassic World Dominion,0.0030820644115169987
Jurassic World: Fallen Kingdom,Jurassic World,0.0032238332490240784
Jurassic World: Fallen Kingdom,The Good Dinosaur,0.002204196754864734
John Wick: Chapter 2,John Wick: Chapter 3 - Parabellum,0.004513042757802395
John Wick: Chapter 2,John Wick,0.003820884103002426
Toy Story 4,Toy Story,0.006218061694225363
Toy Story 4,Toy Story 2,0.004781178217488572
Toy Story 4,Toy Story 3,0.002631933435798647
Twilight,The Twilight Saga: Eclipse,0.005489573944492417
Twilight,The Twilight Saga: Breaking Dawn - Part 1,0.004654782729289513
Twilight,The Twilight Saga: New Moon,0.0043009059489907174
The Unforgivable,Apex,0.005983172502247491
The Unforgivable,Wild Indian,0.003011865625417601
The Unforgivable,Ida Red,0.003852752911317036
Pacific Rim,Skylines,0.002010061397026892
Pacific Rim,Skyline,0.002001853327813041
The Hobbit: An Unexpected Journey,The Hobbit: The Battle of the Five Armies,0.0048986912211331675
The Hobbit: An Unexpected Journey,The Lord of the Rings: The Fellowship of the Ring,0.0025921155915064613
The Hobbit: An Unexpected Journey,The Hobbit: The Desolation of Smaug,0.004642633477905319
The Conjuring 2,The Conjuring: The Devil Made Me Do It,0.00843991346753543
The Conjuring 2,The Conjuring,0.0037645360422443597
The Conjuring 2,Annabelle Comes Home,0.0024381062175667227
Jack Reacher: Never Go Back,Jack Reacher,0.0033712325247713293
Jurassic World Dominion,Jurassic World: Fallen Kingdom,0.0030820644115169987
Jurassic World Dominion,Jurassic World,0.001883256459787128
Jurassic World Dominion,Predators,0.0019611817380739464
Jurassic World Dominion,A Quiet Place,0.002352740330187279
Malignant,Son,0.0052740478088436375
The Karate Kid,Kung Fu Panda 2,0.0019155306521627367
¡Qué Despadre!,Project X,0.0033888875276714965
Wrong Turn,Wrong Turn 3: Left for Dead,0.0021551921135632758
Wrong Turn,Wrong Turn 5: Bloodlines,0.0002698464067257357
The Flash,In Time,0.0019624577093366323
The Flash,Predestination,0.002262123016939169
Taken 3,Taken 2,0.0037715900804778544
The Lord of the Rings: The Return of the King,The Lord of the Rings: The Fellowship of the Ring,0.0024013560098468563
The Lord of the Rings: The Return of the King,The Lord of the Rings: The Two Towers,0.0035573101347278575
The Texas Chainsaw Massacre,Predators,0.001773078730460029
Vivo,The Good Dinosaur,0.001814513905637361
Vivo,Alice in Wonderland,0.0024209886021371477
Batman: Death in the Family,That's My Boy,0.0021227038259065433
The Incredibles,Countdown,0.001715299929142398
Iron Man,Iron Man 2,0.004462286422548768
Iron Man,Avengers: Age of Ultron,0.0031792785837946543
Iron Man,Iron Man 3,0.00187251466201989
Plan A,Inglourious Basterds,0.002095220322097736
Plan A,The Secret Life of Pets 2,0.0016676619155815637
Batman & Robin,The Dark Knight Rises,0.0036722728996550274
Batman & Robin,The Lego Batman Movie,0.001845442007753025
Jurassic World,Jurassic Hunt,0.003939527495882846
Jurassic World,Jurassic World: Fallen Kingdom,0.0032238332490240784
Jurassic World,Jurassic World Dominion,0.001883256459787128
Rurouni Kenshin: The Final,Rurouni Kenshin: The Beginning,0.003238023439440696
Naruto Shippuden the Movie: Blood Prison,Naruto Shippuden the Movie: The Lost Tower,0.0019639101993657393
The Trip,Vacation Friends,0.0016808299744181167
Grown Ups,Overcomer,0.002873567840528021
Dragon Ball Z: Bio-Broly,Dragon Ball Z: Broly – Second Coming,0.0023570384555630488
Dragon Ball Z: Bio-Broly,Dragon Ball Z: Bojack Unbound,0.002535868552828428
Ice Age: Dawn of the Dinosaurs,Ice Age,0.0062059920683399435
Ice Age: Dawn of the Dinosaurs,Ice Age: Continental Drift,0.002121780698437589
Pokémon the Movie: Secrets of the Jungle,Pokémon: Mewtwo Strikes Back - Evolution,0.003637298109694
Pokémon the Movie: Secrets of the Jungle,Pokémon the Movie: I Choose You!,0.0025780388338111763
Scooby-Doo,Straight Outta Nowhere: Scooby-Doo! Meets Courage the Cowardly Dog,0.003205302298556868
Iron Man 3,Iron Man 2,0.003978849232752506
Iron Man 3,Iron Man,0.00187251466201989
Jumanji: The Next Level,San Andreas,0.001677936623914799
Jumanji: The Next Level,Chaos Walking,0.0017784104051359092
Jumanji: The Next Level,Uncle Drew,0.001582190168027864
Jumanji: The Next Level,Jumanji: Welcome to the Jungle,0.0016136182841267467
Jumanji: The Next Level,Sword Art Online: The Movie – Ordinal Scale,0.0016507872539093785
Fifty Shades Darker,Fifty Shades of Grey,0.00532669454685134
Fifty Shades Darker,Fifty Shades Freed,0.0043303013993580535
Fear Street: 1994,Scream,0.05869998779754763
Fear Street: 1994,The Privilege,0.01294091665075551
Fear Street: 1994,Fear Street: 1666,0.0020080438120396132
Justice League,Zack Snyder's Justice League,0.02301874396268833
Incredibles 2,The Book of Life,0.0015692178011356432
Ready Player One,Free Guy,0.013035653254138425
Ready Player One,Pixels,0.0027525389134908838
Ready Player One,Sword Art Online: The Movie – Ordinal Scale,0.001813352904575156
Fantastic Beasts: The Secrets of Dumbledore,Fantastic Beasts and Where to Find Them,0.002975725636916152
Fantastic Beasts: The Secrets of Dumbledore,Fantastic Beasts: The Crimes of Grindelwald,0.006576752302847685
No One Gets Out Alive,The Deep House,0.005019774480769768
No One Gets Out Alive,Aftermath,0.0016363456484992545
The Lego Batman Movie,Batman Begins,0.0067926472293821025
The Lego Batman Movie,Batman & Robin,0.001845442007753025
The Lego Batman Movie,"Batman: The Dark Knight Returns, Part 1",0.0020081905553476723
Pokémon Detective Pikachu,Rumble,0.00205616469286513
"The Chronicles of Narnia: The Lion, the Witch and the Wardrobe",The Chronicles of Narnia: Prince Caspian,0.0031770879054196124
Beauty and the Beast,Red Shoes and the Seven Dwarfs,0.0015704719027848702
Beauty and the Beast,Howl's Moving Castle,0.0017628764048104703
Beauty and the Beast,Bambi,0.0013869501648058286
Thor: The Dark World,Thor: Ragnarok,0.0046292854947599885
Thor: The Dark World,Thor,0.004324289466861409
Dragon Ball GT: A Hero's Legacy,Dragon Ball Z: Cooler's Revenge,0.0016427891536372713
Dragon Ball GT: A Hero's Legacy,Dragon Ball Z: Super Android 13!,0.0014340615707378061
The Simpsons Movie,The Simpsons in Plusaversary,0.016019973505150383
John Wick: Chapter 3 - Parabellum,John Wick: Chapter 2,0.004513042757802395
John Wick: Chapter 3 - Parabellum,John Wick,0.0021061577779144442
Transformers: Age of Extinction,Transformers: The Last Knight,0.0019534153420588288
Bad Boys for Life,Scarface,0.0019454393611542907
Terminator Genisys,Terminator Salvation,0.0018979446313588059
Terminator Genisys,Terminator: Dark Fate,0.0016050592905645946
The Lord of the Rings: The Two Towers,The Lord of the Rings: The Fellowship of the Ring,0.0021746527727648578
The Lord of the Rings: The Two Towers,The Lord of the Rings: The Return of the King,0.0035573101347278575
Parasite,Grudge,0.0015723089532117603
Central Intelligence,Vanguard,0.003047477603033002
Central Intelligence,Cars 2,0.002983747681851214
Central Intelligence,Tenet,0.0016128321594446366
Up,Turning Red,0.017501333911422095
Up,Life in a Year,0.0017762938788107247
Law Abiding Citizen,"Batman: The Long Halloween, Part Two",0.0015943177446205404
Law Abiding Citizen,"Batman: The Long Halloween, Part One",0.0015949005169261963
Law Abiding Citizen,Batman Forever,0.0014008531215235086
The Expendables,The Expendables 3,0.0016464190273742022
Fear Street: 1978,Brazen,0.01478346820767741
Birds of Prey (and the Fantabulous Emancipation of One Harley Quinn),Hitman: Agent 47,0.0015353155163061881
David and the Elves,The Tax Collector,0.0015159913982073225
Predators,American Badger,0.0033700169956018874
Predators,Jurassic World Dominion,0.0019611817380739464
Predators,The Texas Chainsaw Massacre,0.001773078730460029
Predators,Alone,0.0018442797201613991
Skylines,Pacific Rim,0.002010061397026892
Skylines,We Can Be Heroes,0.0015308738170810078
Solitary,Zone 414,0.0033336330585572583
Solitary,Man of Steel,0.0013843726640828079
22 vs. Earth,Soul,0.005079280855776888
Furious 7,F9,0.018761987165076592
Guardians of the Galaxy Vol. 2,Pretty Guardian Sailor Moon Eternal The Movie Part 2,0.004949373098742684
Guardians of the Galaxy Vol. 2,Peter Rabbit 2: The Runaway,0.002330195966424942
Guardians of the Galaxy Vol. 2,Hitman: Agent 47,0.0014990916264484913
Toy Story 3,Toy Story,0.010862986686205786
Toy Story 3,Toy Story 2,0.006610584546353664
Toy Story 3,Toy Story 4,0.002631933435798647
Battle: Los Angeles,Geostorm,0.0016795375211141287
Spirited Away,Straight Outta Nowhere: Scooby-Doo! Meets Courage the Cowardly Dog,0.0035843158001766565
Dragon Ball Z: Cooler's Revenge,Dragon Ball Z: Resurrection 'F',0.006689684497554888
Dragon Ball Z: Cooler's Revenge,Dragon Ball Super: Super Hero,0.0034541122995783583
Dragon Ball Z: Cooler's Revenge,Dragon Ball Z: Broly – The Legendary Super Saiyan,0.0030764800142211125
Dragon Ball Z: Cooler's Revenge,Dragon Ball Z: Battle of Gods,0.0026204646221115267
Dragon Ball Z: Cooler's Revenge,Dragon Ball GT: A Hero's Legacy,0.0016427891536372713
Dragon Ball Z: Cooler's Revenge,Dragon Ball Z: Super Android 13!,0.0014469245089581242
Dragon Ball Z: Cooler's Revenge,Dragon Ball Z: The Return of Cooler,0.0022400877460510673
Dragon Ball Z: Cooler's Revenge,Dragon Ball Super: Broly,0.0015234730839441485
Dragon Ball Z: Cooler's Revenge,Dragon Ball Z: Bardock - The Father of Goku,0.0016733361408824553
No Manches Frida 2,No Manches Frida,0.0020910847197444745
Please Enlighten Me,Fall in Love at First Kiss,0.0014315105428504419
Please Enlighten Me,August Never Ends,0.001396242329982301
Pokémon the Movie: I Choose You!,Pokémon: Mewtwo Strikes Back - Evolution,0.0030770771311685098
Pokémon the Movie: I Choose You!,Pokémon the Movie: Secrets of the Jungle,0.0025780388338111763
Captain Marvel,"The Simpsons: The Good, the Bart, and the Loki",0.004193457181689501
Maleficent: Mistress of Evil,Maleficent,0.001816913440828971
The Hobbit: The Desolation of Smaug,The Hobbit: The Battle of the Five Armies,0.0058465146767648175
The Hobbit: The Desolation of Smaug,The Lord of the Rings: The Fellowship of the Ring,0.0026161197632044502
The Hobbit: The Desolation of Smaug,The Hobbit: An Unexpected Journey,0.004642633477905319
Ice Age: Continental Drift,The Pirates: The Last Royal Treasure,0.007865067240876548
Ice Age: Continental Drift,Ice Age,0.0029050189494929496
Ice Age: Continental Drift,Ice Age: Dawn of the Dinosaurs,0.002121780698437589
Ice Age: Continental Drift,Ice Age: The Meltdown,0.0013583675298963636
Ice Age: Continental Drift,Ice Age: Collision Course,0.0017095376586171397
Man of Steel,Solitary,0.0013843726640828079
Man of Steel,Prometheus,0.001404880978100152
Man of Steel,Onward,0.0013169842516875029
Shrek the Third,Shrek,0.0040945569910480935
Shrek the Third,Frozen II,0.003353018502523491
Shrek the Third,Shrek 2,0.00888214433530368
Shrek the Third,Shrek Forever After,0.002277262403804916
Terminator Salvation,Terminator Genisys,0.0018979446313588059
Terminator Salvation,Terminator: Dark Fate,0.0014856259674700222
Call Me by Your Name,Life in a Year,0.0012630761413764625
We Can Be Heroes,Jiu Jitsu,0.0028267318632743395
We Can Be Heroes,Skylines,0.0015308738170810078
Penguins of Madagascar,Koati,0.0012360251482702938
Red Shoes and the Seven Dwarfs,Beauty and the Beast,0.0015704719027848702
San Andreas,Encounter,0.005433468777619644
San Andreas,Jumanji: The Next Level,0.001677936623914799
Spirit: Stallion of the Cimarron,Spirit Untamed,0.0040565537101083585
American Pie Presents: The Book of Love,American Reunion,0.001283544375227897
American Pie Presents: The Book of Love,Joseph: King of Dreams,0.0011794125023043111
The Kissing Booth 3,The Kissing Booth,0.0015374216880764161
The Twilight Saga: Breaking Dawn - Part 1,The Twilight Saga: Eclipse,0.004386513767081357
The Twilight Saga: Breaking Dawn - Part 1,Twilight,0.004654782729289513
The Twilight Saga: Breaking Dawn - Part 1,The Twilight Saga: New Moon,0.0023754118446438115
Maleficent,Maleficent: Mistress of Evil,0.001816913440828971
Maleficent,Descendants,0.001371637254815684
Maleficent,Sleeping Beauty,0.0013770064378180746
13 Hours: The Secret Soldiers of Benghazi,Hacksaw Ridge,0.005540456030294452
Sex Tape,Pixels,0.0017725966417138311
Maze Runner: The Scorch Trials,Maze Runner: The Death Cure,0.0021632879102677985
Palmer,The Ice Age Adventures of Buck Wild,0.04200997526691145
Palmer,Hachi: A Dog's Tale,0.0011530718329511521
Me Before You,Don't Breathe 2,0.0048117397465803095
Me Before You,Separation,0.003393323836043657
Me Before You,Godmothered,0.0014979458241128234
"Batman: The Long Halloween, Part Two",The Batman,0.20895256787762898
"Batman: The Long Halloween, Part Two",The Dark Knight Rises,0.008215184254941239
"Batman: The Long Halloween, Part Two",The Dark Knight,0.006765799161869225
"Batman: The Long Halloween, Part Two",Law Abiding Citizen,0.0015943177446205404
"Batman: The Long Halloween, Part Two","Batman: The Long Halloween, Part One",0.004092938569556997
"Batman: The Long Halloween, Part Two",Batman Forever,0.001517419737622521
"Batman: The Long Halloween, Part Two",Blitz,0.0011310944879036136
"Batman: The Long Halloween, Part Two","Batman: The Dark Knight Returns, Part 1",0.0013587407593912985
Ghost Rider: Spirit of Vengeance,Wonder Woman,0.0023474842543262015
Ghost Rider: Spirit of Vengeance,Ghost Rider,0.0015845141965689109
I Want You,Three Steps Above Heaven,0.004759673931161405
I Want You,High School Teacher: Maturing,0.0028699218595137684
Clash of the Titans,Wrath of the Titans,0.0011328400516389544
Wrong Turn 3: Left for Dead,Wrong Turn 2: Dead End,0.001769376336197816
Wrong Turn 3: Left for Dead,Wrong Turn 5: Bloodlines,0.002067898559613984
Wrong Turn 3: Left for Dead,Wrong Turn 4: Bloody Beginnings,0.0012055259543312144
Wrong Turn 3: Left for Dead,Wrong Turn,0.0021551921135632758
X-Men: Apocalypse,Independence Day: Resurgence,0.0011482124840495238
Tenet,Central Intelligence,0.0016128321594446366
Grudge,The Desperate Hour,0.005033040035528529
Grudge,Parasite,0.0015723089532117603
Trollhunters: Rise of the Titans,Pretty Guardian Sailor Moon Eternal The Movie Part 2,0.006632774603426355
Ice Age: The Meltdown,Against the Ice,0.004260921730543268
Ice Age: The Meltdown,Ice Age,0.004840231213060778
Ice Age: The Meltdown,Ice Age: Continental Drift,0.0013583675298963636
The Matrix,Avatar,0.0074760153529303455
The Meg,Megalodon,0.0012140255748862014
Dragon Ball Z: Bojack Unbound,Dragon Ball Z: Bio-Broly,0.002535868552828428
Dragon Ball Z: Bojack Unbound,Looking Back at it All: The Dragon Ball Z Year-End Show!,0.001445108185916912
Dragon Ball Z: Bojack Unbound,Dragon Ball Z: The History of Trunks,0.001144448591378994
Ralph Breaks the Internet,Free Guy,0.01164369559278123
Ralph Breaks the Internet,Wreck-It Ralph,0.002775284843810116
Ralph Breaks the Internet,Pixels,0.001523051836035369
Cars,Cars 3,0.0041415545774972215
Cars,Cars 2,0.0041985637586248545
Ted,Brother Bear,0.0012457825503669755
Prince of Persia: The Sands of Time,Wonder Woman,0.0024299053624132253
Creed,Creed II,0.0013495459340592865
Captain America: The First Avenger,Justice Society: World War II,0.0013027083902251158
Madagascar,Madagascar 3: Europe's Most Wanted,0.0018836540999829807
Madagascar,Madagascar: Escape 2 Africa,0.001725550714243576
Chaos Walking,Jumanji: The Next Level,0.0017784104051359092
Dragon Ball Z: Super Android 13!,Dragon Ball Super: Super Hero,0.00400225522776005
Dragon Ball Z: Super Android 13!,Dragon Ball Z: Broly – The Legendary Super Saiyan,0.002493650658909215
Dragon Ball Z: Super Android 13!,Dragon Ball GT: A Hero's Legacy,0.0014340615707378061
Dragon Ball Z: Super Android 13!,Dragon Ball Z: Cooler's Revenge,0.0014469245089581242
Dragon Ball Z: Super Android 13!,Dragon Ball Super: Broly,0.0010355318241073617
Life in a Year,Gunpowder Milkshake,0.0034539108145505556
Life in a Year,Home Sweet Home Alone,0.002662500084133353
Life in a Year,Rascal Does Not Dream of a Dreaming Girl,0.0025137193226405503
Life in a Year,Up,0.0017762938788107247
Life in a Year,Call Me by Your Name,0.0012630761413764625
Life in a Year,Long Story Short,0.0011770140135480367
Wreck-It Ralph,Ralph Breaks the Internet,0.002775284843810116
Wreck-It Ralph,Pixels,0.0015122593852706517
Wreck-It Ralph,Sword Art Online: The Movie – Ordinal Scale,0.0011113360000007111
Naruto Shippuden the Movie: The Lost Tower,Naruto Shippuden the Movie: Road to Ninja,0.0022884309927725848
Naruto Shippuden the Movie: The Lost Tower,Naruto Shippuden the Movie: Blood Prison,0.0019639101993657393
Naruto Shippuden the Movie: The Lost Tower,The Day Naruto Became Hokage,0.0014009680200910825
Dawn of the Planet of the Apes,Godzilla,0.0012667081066849398
Dawn of the Planet of the Apes,War for the Planet of the Apes,0.0014710681130872478
In Time,The Flash,0.0019624577093366323
In Time,Countdown,0.001058273268024528
Hotel Transylvania 3: Summer Vacation,Hotel Transylvania: Transformania,0.08162303953188055
Hotel Transylvania 3: Summer Vacation,Monster Pets: A Hotel Transylvania Short,0.003909651591329415
Hotel Transylvania 3: Summer Vacation,Monster Family 2,0.0032724898645048414
Hotel Transylvania 3: Summer Vacation,Hotel Transylvania,0.0016062814171406408
Dragon Ball Z: The Return of Cooler,Dragon Ball Super: Super Hero,0.004182158615127954
Dragon Ball Z: The Return of Cooler,Dragon Ball Z: Cooler's Revenge,0.0022400877460510673
Koati,Penguins of Madagascar,0.0012360251482702938
No Manches Frida,No Manches Frida 2,0.0020910847197444745
"Batman: The Long Halloween, Part One",The Batman,0.20169113389263904
"Batman: The Long Halloween, Part One",The Dark Knight Rises,0.008300321417419532
"Batman: The Long Halloween, Part One",The Dark Knight,0.0066519736934479035
"Batman: The Long Halloween, Part One",Law Abiding Citizen,0.0015949005169261963
"Batman: The Long Halloween, Part One","Batman: The Long Halloween, Part Two",0.004092938569556997
"Batman: The Long Halloween, Part One",Batman Forever,0.0011479856231981836
"Batman: The Long Halloween, Part One",Blitz,0.001155008608351655
Fall in Love at First Kiss,Please Enlighten Me,0.0014315105428504419
Taken 2,Taken 3,0.0037715900804778544
The Godfather,The Godfather: Part II,0.0023189819759644554
Maze Runner: The Death Cure,The Maze Runner,0.004809840257484648
Maze Runner: The Death Cure,Maze Runner: The Scorch Trials,0.0021632879102677985
The Lion King II: Simba's Pride,The Lion King,0.002764966575680673
Dragon Ball Z: Wrath of the Dragon,Monster Family 2,0.003627546977803349
Dragon Ball Z: Wrath of the Dragon,Dragon Ball Z: Fusion Reborn,0.0012761797141360978
Aladdin,Aladdin,0.0015114091405779742
Fantastic Beasts: The Crimes of Grindelwald,Fantastic Beasts and Where to Find Them,0.002298366916605743
Fantastic Beasts: The Crimes of Grindelwald,Fantastic Beasts: The Secrets of Dumbledore,0.006576752302847685
Prometheus,Man of Steel,0.001404880978100152
Overcomer,Grown Ups,0.002873567840528021
Hellboy,Wonder Woman,0.003207130797888494
How to Train Your Dragon: The Hidden World,How to Train Your Dragon 2,0.0016943083858159127
How to Train Your Dragon: The Hidden World,How to Train Your Dragon,0.001092768113288484
Hotel Transylvania,Hotel Transylvania 3: Summer Vacation,0.0016062814171406408
Hotel Transylvania,Hotel Transylvania 2,0.0010621015023654845
Inglourious Basterds,Plan A,0.002095220322097736
Star Wars,Star Wars: The Force Awakens,0.001624416855227218
Star Wars,Saga of Tanya the Evil: The Movie,0.000887952576105169
Monsters University,"Monsters, Inc.",0.004839331853765597
Monsters University,17 Again,0.0010335518013510293
Monsters University,No Strings Attached,0.0008662062329960691
Transformers: The Last Knight,Transformers: Age of Extinction,0.0019534153420588288
Rio,Rio 2,0.0019084925678760005
Framed by My Husband,Last Man Down,0.024426136587709927
Kung Fu Panda,Kung Fu Panda 2,0.0024050599847819584
The SpongeBob SquarePants Movie,The SpongeBob Movie: Sponge on the Run,0.007591545430894764
The Hangover Part II,The Hangover Part III,0.0011303191522081858
Tentacles,Love Tactics,0.007820194117666617
Tentacles,The Tax Collector,0.0008416712830395729
Uncharted: Live Action Fan Film,Uncharted,0.05442438570806947
X-Men: Days of Future Past,Godzilla vs. Kong,0.007427862207697332
X-Men: Days of Future Past,The Tomorrow War,0.00844658011960547
Dragon Ball Super: Broly,Dragon Ball Z: Resurrection 'F',0.0065905194302040004
Dragon Ball Super: Broly,Dragon Ball Z: Broly – The Legendary Super Saiyan,0.0038275577779599223
Dragon Ball Super: Broly,Dragon Ball Z: Broly – Second Coming,0.0022782134150963963
Dragon Ball Super: Broly,Dragon Ball Z: Cooler's Revenge,0.0015234730839441485
Dragon Ball Super: Broly,Dragon Ball Z: Super Android 13!,0.0010355318241073617
Dragon Ball Super: Broly,Dragon Ball Z: Bardock - The Father of Goku,0.0009390596568840782
Howl's Moving Castle,Beauty and the Beast,0.0017628764048104703
Ice Age: Collision Course,Ice Age: Continental Drift,0.0017095376586171397
Batman Forever,The Dark Knight Rises,0.004297344146952788
Batman Forever,The Dark Knight,0.00413134282732715
Batman Forever,Batman Returns,0.0034302623872800343
Batman Forever,Law Abiding Citizen,0.0014008531215235086
Batman Forever,"Batman: The Long Halloween, Part Two",0.001517419737622521
Batman Forever,"Batman: The Long Halloween, Part One",0.0011479856231981836
LEGO Star Wars Terrifying Tales,Star Wars: The Rise of Skywalker,0.0008309737985710028
Shrek Forever After,Shrek 2,0.005816589994749576
Shrek Forever After,Shrek the Third,0.002277262403804916
Alita: Battle Angel,Unknown,0.001003076332079281
Looking Back at it All: The Dragon Ball Z Year-End Show!,Dragon Ball Z: Bojack Unbound,0.001445108185916912
Looking Back at it All: The Dragon Ball Z Year-End Show!,Dragon Ball Z: The Real 4-D at Super Tenkaichi Budokai,0.0013981023189798933
Looking Back at it All: The Dragon Ball Z Year-End Show!,Dragon Ball: Yo! Son Goku and His Friends Return!!,0.0010404457650172985
Space Sweepers,WALL·E,0.0008097200925448781
Wrong Turn 2: Dead End,Wrong Turn 3: Left for Dead,0.001769376336197816
Wrong Turn 2: Dead End,Wrong Turn 5: Bloodlines,0.0008305988544615836
Ant-Man and the Wasp,Ant-Man,0.001253033449467188
The Equalizer,The Equalizer 2,0.0011273428812206884
Bartkowiak,Crazy Fist,0.006938521596406798
Orphan,Gunpowder Milkshake,0.003772423758831267
Orphan,Home Sweet Home Alone,0.0031852976091743257
Orphan,The Voyeurs,0.0008218738469003542
Brother Bear,Ted,0.0012457825503669755
Creed II,Creed,0.0013495459340592865
Bad Trip,Dog,0.006382144684027863
Ant-Man,Ant-Man and the Wasp,0.001253033449467188
Terminator: Dark Fate,Terminator Genisys,0.0016050592905645946
Terminator: Dark Fate,Terminator Salvation,0.0014856259674700222
How to Train Your Dragon 2,Raya and the Last Dragon,0.006956915319910574
How to Train Your Dragon 2,How to Train Your Dragon: The Hidden World,0.0016943083858159127
How to Train Your Dragon 2,How to Train Your Dragon,0.0009112259213967474
How to Train Your Dragon 2,How to Train Your Dragon: Homecoming,0.002135539695143326
Despicable Me 2,Despicable Me 3,0.0006837126575555524
How to Train Your Dragon,How to Train Your Dragon: The Hidden World,0.001092768113288484
How to Train Your Dragon,How to Train Your Dragon 2,0.0009112259213967474
Dragon Ball Z: Fusion Reborn,Monster Family 2,0.00346306899504076
Dragon Ball Z: Fusion Reborn,Dragon Ball Z: Wrath of the Dragon,0.0012761797141360978
Sex with Love,More the Merrier,0.0020947119358756846
Let's Be Cops,Blitz,0.0006969550649353511
Saint Seiya Heaven Chapter: Overture,Saint Seiya: Legend of Sanctuary,0.0010868039985011
Saint Seiya Heaven Chapter: Overture,Is It Wrong to Try to Pick Up Girls in a Dungeon?: Arrow of the Orion,0.0006923348177540751
Stand by Me Doraemon,Avatar,0.007472652400588153
The Twilight Saga: New Moon,The Twilight Saga: Eclipse,0.00569286400186235
The Twilight Saga: New Moon,Twilight,0.0043009059489907174
The Twilight Saga: New Moon,The Twilight Saga: Breaking Dawn - Part 1,0.0023754118446438115
Machine Gun Preacher,Brothers,0.0038188829487139776
In for a Murder,Ghostbusters: Afterlife,0.027251017946878037
In for a Murder,Women,0.0008072569031316337
There's Someone Inside Your House,Scream,0.06874024037907617
There's Someone Inside Your House,Saw,0.0008670483242396801
Dragon Ball Z Special 9 - Future Trunks Special,Dragon Ball Z: The History of Trunks,0.000799042586586149
American Reunion,American Pie Presents: The Book of Love,0.001283544375227897
17 Again,Monsters University,0.0010335518013510293
The Grinch,Trolls Holiday in Harmony,0.004371846414796677
The Grinch,Descendants: The Royal Wedding,0.004355852104857504
The Grinch,How the Grinch Stole Christmas,0.0012766623478684333
The Hangover Part III,The Hangover Part II,0.0011303191522081858
August Never Ends,Please Enlighten Me,0.001396242329982301
I Want to Eat Your Pancreas,Rascal Does Not Dream of a Dreaming Girl,0.0027251303081169613
I Want to Eat Your Pancreas,Chemical Hearts,0.0007103337305469561
I Want to Eat Your Pancreas,Dear Evan Hansen,0.0005979076246803654
Sentinelle,Wild Card,0.0005996731957259063
How the Grinch Stole Christmas,The Grinch,0.0012766623478684333
Star Wars: The Rise of Skywalker,LEGO Star Wars Terrifying Tales,0.0008309737985710028
Star Wars: The Rise of Skywalker,Star Wars: The Last Jedi,0.0008872948820846483
Cell 211,One Shot,0.02017895337036959
Pixels,Free Guy,0.01861342257832919
Pixels,Ready Player One,0.0027525389134908838
Pixels,Sex Tape,0.0017725966417138311
Pixels,Ralph Breaks the Internet,0.001523051836035369
Pixels,Wreck-It Ralph,0.0015122593852706517
Pixels,Sword Art Online: The Movie – Ordinal Scale,0.0006274790378083754
No Sudden Move,Ava,0.0036721203328540447
Bambi,The Wonderful Winter of Mickey Mouse,0.015560670225548094
Bambi,Surviving Paradise: A Family Tale,0.006502189018302418
Bambi,Beauty and the Beast,0.0013869501648058286
Butchers,Separation,0.0032718723484847544
The Exorcist,Aftermath,0.000559708238519539
Mickey's Tale of Two Witches,Mickey and Minnie Wish Upon a Christmas,0.0029971986414073473
Wrath of the Titans,Clash of the Titans,0.0011328400516389544
Unknown,Alita: Battle Angel,0.001003076332079281
Unknown,Godmothered,0.0005371068467174882
Megalodon,The Meg,0.0012140255748862014
Megalodon,Attack on Titan,0.0005518294544735452
Megalodon,The Incredible Hulk,0.000617244077386779
The Texas Chain Saw Massacre,Texas Chainsaw Massacre,0.05843459007104812
Batman: Hush,The Batman,0.1554710715162113
Batman: Hush,Batman Begins,0.007237016475251647
Batman: Hush,Catwoman: Hunted,0.005114955110714393
Batman: Hush,The Dark Knight Rises,0.003812216929441126
Batman: Hush,"Batman: The Dark Knight Returns, Part 1",0.0008098221407922225
Alice in Wonderland,Vivo,0.0024209886021371477
Alice in Wonderland,Alice in Wonderland,0.0007230437898289665
The Secret Life of Pets 2,Home Sweet Home Alone,0.0032317679797789585
The Secret Life of Pets 2,Plan A,0.0016676619155815637
The Virtuoso,John Wick,0.0005513647754549442
Uncle Drew,Jumanji: The Next Level,0.001582190168027864
Fairy Tail: Dragon Cry,Men in Black 3,0.0005697355082593568
Fairy Tail: Dragon Cry,Black Island,0.0006009393878738143
Fairy Tail: Dragon Cry,Barbie: Princess Adventure,0.0005098110367538214
Dinosaur Hotel,Saw,0.0005241616193228453
No Strings Attached,Monsters University,0.0008662062329960691
No Strings Attached,The Kissing Booth,0.0005664515349457586
Blended,Single All the Way,0.0004926595618398375
Star Wars: The Force Awakens,Star Wars,0.001624416855227218
Star Wars: The Force Awakens,Solo: A Star Wars Story,0.0005040157085623114
Bloodthirsty,Dark Phoenix,0.0005274140905626493
The Good Dinosaur,Jurassic World: Fallen Kingdom,0.002204196754864734
The Good Dinosaur,Vivo,0.001814513905637361
The Good Dinosaur,Stuart Little,0.0005631131506848511
Saint Seiya: Legend of Sanctuary,Saint Seiya Heaven Chapter: Overture,0.0010868039985011
Alone,Predators,0.0018442797201613991
Annabelle Comes Home,The Conjuring,0.0026541708648381308
Annabelle Comes Home,The Conjuring 2,0.0024381062175667227
Annabelle Comes Home,Annabelle: Creation,0.0007314703640933102
Attack on Titan,Megalodon,0.0005518294544735452
Attack on Titan,WALL·E,0.0005300104516024901
TRON: Legacy,Brothers,0.0034389397873001693
Godzilla,Dawn of the Planet of the Apes,0.0012667081066849398
Men in Black 3,Fairy Tail: Dragon Cry,0.0005697355082593568
Men in Black 3,Predestination,0.0005583552363178072
Descendants,Maleficent,0.001371637254815684
Descendants,Descendants 3,0.0006746004944258315
Sleeping Beauty,Maleficent,0.0013770064378180746
Vanquish,Vicky and Her Mystery,0.004446812580907877
The Tax Collector,David and the Elves,0.0015159913982073225
The Tax Collector,Tentacles,0.0008416712830395729
The Tax Collector,Skyline,0.00047497223140066875
Dragon Ball Z: The Real 4-D at Super Tenkaichi Budokai,Dragon Ball Z: Broly – Second Coming,0.002358816124572056
Dragon Ball Z: The Real 4-D at Super Tenkaichi Budokai,Looking Back at it All: The Dragon Ball Z Year-End Show!,0.0013981023189798933
Dragon Ball Z: The Real 4-D at Super Tenkaichi Budokai,Dragon Ball: Yo! Son Goku and His Friends Return!!,0.0009279131445010919
The Hunger Games: Mockingjay - Part 2,The Hunger Games: Mockingjay - Part 1,0.0023735885397764655
The Hunger Games: Mockingjay - Part 2,The Hunger Games: Catching Fire,0.0009371576490587441
The Hunger Games: Mockingjay - Part 2,The Hunger Games,0.0008102247149500605
Those Who Wish Me Dead,Son,0.005441381762705591
One Hundred and One Dalmatians,101 Dalmatians,0.000583735023239702
Dragon Ball: Yo! Son Goku and His Friends Return!!,Looking Back at it All: The Dragon Ball Z Year-End Show!,0.0010404457650172985
Dragon Ball: Yo! Son Goku and His Friends Return!!,Dragon Ball Z: The Real 4-D at Super Tenkaichi Budokai,0.0009279131445010919
The Kissing Booth,The Kissing Booth 3,0.0015374216880764161
The Kissing Booth,No Strings Attached,0.0005664515349457586
The Kissing Booth,"I Love You, Beth Cooper",0.0004530300719173075
Now You See Me,The Commando,0.06813296527984955
The Purge: Election Year,The Purge: Anarchy,0.0005073344022281061
Long Story Short,Life in a Year,0.0011770140135480367
Is It Wrong to Try to Pick Up Girls in a Dungeon?: Arrow of the Orion,Saint Seiya Heaven Chapter: Overture,0.0006923348177540751
A Haunted House,A Haunted House 2,0.0007467757675678003
101 Dalmatians,Love Tactics,0.005541969308283466
101 Dalmatians,One Hundred and One Dalmatians,0.000583735023239702
It,It Chapter Two,0.004679342479456591
Trolls World Tour,Trolls Holiday in Harmony,0.005841437511722032
Vacation Friends,The Trip,0.0016808299744181167
Mission: Impossible - Ghost Protocol,Mission: Impossible - Fallout,0.0005676697028096686
John Wick,John Wick: Chapter 2,0.003820884103002426
John Wick,John Wick: Chapter 3 - Parabellum,0.0021061577779144442
John Wick,The Virtuoso,0.0005513647754549442
Hotel Transylvania 2,Hotel Transylvania,0.0010621015023654845
Jumanji: Welcome to the Jungle,Jumanji: The Next Level,0.0016136182841267467
A Walk Among the Tombstones,Zone 414,0.005303663959310446
Underworld: Awakening,Underworld: Blood Wars,0.00081288697954622
Wild Card,Seobok: Project Clone,0.0029945923343126695
Wild Card,Army of the Dead,0.0031481718012931975
Wild Card,Sentinelle,0.0005996731957259063
Wild Card,The Hitman's Bodyguard,0.0004307991994757132
Peter Pan,The Amazing Spider-Man,0.008576345504290952
Peter Pan,The Amazing Spider-Man 2,0.0059144521791729375
Peter Pan,Peter Rabbit 2: The Runaway,0.0029748766181453253
Peter Pan,Brothers by Blood,0.0005369382164932963
Star Wars: The Last Jedi,Star Wars: The Rise of Skywalker,0.0008872948820846483
The Book of Life,Incredibles 2,0.0015692178011356432
Finding Grace,After We Collided,0.006964210632998685
Finding Grace,An Interview with God,0.0004184584367026363
Batman: The Killing Joke,The Dark Knight,0.00439847777266032
Countdown,The Incredibles,0.001715299929142398
Countdown,In Time,0.001058273268024528
Geostorm,2012,0.0028120713286585923
Geostorm,Battle: Los Angeles,0.0016795375211141287
Fifty Shades of Black,Fifty Shades of Grey,0.003273213655661543
Black Island,Fairy Tail: Dragon Cry,0.0006009393878738143
Kung Fu Panda 3,Kung Fu Panda 2,0.0004119636574935863
That's My Boy,Batman: Death in the Family,0.0021227038259065433
Justice Society: World War II,Captain America: The First Avenger,0.0013027083902251158
WALL·E,Space Sweepers,0.0008097200925448781
WALL·E,Attack on Titan,0.0005300104516024901
Baby Driver,Drive,0.0005036716498183552
Blitz,The Batman,0.15605929919312614
Blitz,Scream,0.04998328387785404
Blitz,"Batman: The Long Halloween, Part Two",0.0011310944879036136
Blitz,"Batman: The Long Halloween, Part One",0.001155008608351655
Blitz,Let's Be Cops,0.0006969550649353511
Blitz,Child's Play,0.000347826055440841
Saga of Tanya the Evil: The Movie,Star Wars,0.000887952576105169
Descendants 3,The Simpsons in Plusaversary,0.010958915318421648
Descendants 3,Descendants: The Royal Wedding,0.0037014589258614894
Descendants 3,Descendants,0.0006746004944258315
Cherry,Clifford the Big Red Dog,0.017340898558270704
The Chronicles of Narnia: Prince Caspian,"The Chronicles of Narnia: The Lion, the Witch and the Wardrobe",0.0031770879054196124
Madagascar 3: Europe's Most Wanted,Madagascar,0.0018836540999829807
Madagascar 3: Europe's Most Wanted,Madagascar: Escape 2 Africa,0.0005156662670209187
Rambo: Last Blood,Rambo: First Blood Part II,0.0002898472961807411
Scoob!,"Happy Halloween, Scooby-Doo!",0.0005065589877983938
The Incredible Hulk,Megalodon,0.000617244077386779
The Incredible Hulk,Dark Phoenix,0.00029651648185552936
The Lost Daughter,Son,0.007138032648084422
The Lost Daughter,Demonic,0.004256839319534797
The Lost Daughter,The Exorcism of Carmen Farias,0.002217450571428823
Annabelle: Creation,Annabelle Comes Home,0.0007314703640933102
Annabelle: Creation,Child's Play,0.0003783824371763145
War for the Planet of the Apes,Dawn of the Planet of the Apes,0.0014710681130872478
The Hitman's Bodyguard,Tom Clancy's Without Remorse,0.002793479009493955
The Hitman's Bodyguard,Wild Card,0.0004307991994757132
Wrong Turn 5: Bloodlines,Wrong Turn 3: Left for Dead,0.002067898559613984
Wrong Turn 5: Bloodlines,Wrong Turn 2: Dead End,0.0008305988544615836
Wrong Turn 5: Bloodlines,Wrong Turn,0.0002698464067257357
The Matrix Revolutions,The Matrix Resurrections,0.02769579606559882
The Matrix Revolutions,The Matrix Reloaded,0.000522380150283275
Wrong Turn 4: Bloody Beginnings,Wrong Turn 3: Left for Dead,0.0012055259543312144
Scream 4,Scream,0.0497019793330594
Scream 4,Scream 2,0.0006218377152225453
Viking Quest,Wonder Woman,0.003101909430864711
Nobody Sleeps in the Woods Tonight,Ready or Not,0.00026460901584016627
Nobody Sleeps in the Woods Tonight,Don't Breathe,0.00025696329716581466
Drive,F9,0.00992271855196115
Drive,Baby Driver,0.0005036716498183552
Spider-Man: Across the Spider-Verse (Part One),The Amazing Spider-Man 2,0.007940367319975382
Spider-Man: Across the Spider-Verse (Part One),Spider-Man,0.0067873294361952795
Spider-Man: Across the Spider-Verse (Part One),Spider-Man: Into the Spider-Verse,0.010518413359580885
Spider-Man: Across the Spider-Verse (Part One),Spider-Man 3,0.005419285323366381
District 9,Eternals,0.044198558757905695
District 9,Independence Day: Resurgence,0.0002749320489433035
A Nun's Curse,American Badger,0.002601553887009558
White House Down,Olympus Has Fallen,0.00029761014080950275
Taken,A Day to Die,0.002643152595619955
Onward,Encanto,0.0708022292453941
Onward,Fate/Grand Order Final Singularity – Grand Temple of Time: Solomon,0.0027910375393887113
Onward,Man of Steel,0.0013169842516875029
Onward,Night at the Museum: Secret of the Tomb,0.0002797605432299238
A Haunted House 2,A Haunted House,0.0007467757675678003
Despicable Me 3,Despicable Me 2,0.0006837126575555524
I'm Not Ashamed,A Journal for Jordan,0.0002209325434005255
I'm Not Ashamed,Hachi: A Dog's Tale,0.0002576542932406846
Olympus Has Fallen,White House Down,0.00029761014080950275
Barbie as The Princess & the Pauper,Barbie: Princess Adventure,0.0002236840219445095
Thunder Force,Teenage Mutant Ninja Turtles,0.0027237711104915567
Single All the Way,The Amazing Spider-Man 2,0.0059767240873380345
Single All the Way,Spider-Man: Far From Home,0.005617999251960807
Single All the Way,Peter Rabbit 2: The Runaway,0.0028881577765342724
Single All the Way,Blended,0.0004926595618398375
An Interview with God,Finding Grace,0.0004184584367026363
Child's Play,Blitz,0.000347826055440841
Child's Play,Annabelle: Creation,0.0003783824371763145
The Matrix Reloaded,The Matrix Resurrections,0.05612820588349186
The Matrix Reloaded,The Matrix Revolutions,0.000522380150283275
Fear Street: 1666,Scream,0.06805853953580662
Fear Street: 1666,Antlers,0.010631615175090283
Fear Street: 1666,Fear Street: 1994,0.0020080438120396132
"Happy Halloween, Scooby-Doo!",Scoob!,0.0005065589877983938
Safer at Home,Project X,0.004477767925552024
Dragon Ball Z: Bardock - The Father of Goku,Dragon Ball Z: Resurrection 'F',0.004971187083144233
Dragon Ball Z: Bardock - The Father of Goku,Dragon Ball Z: Broly – The Legendary Super Saiyan,0.0038880148240584035
Dragon Ball Z: Bardock - The Father of Goku,Dragon Ball Z: Battle of Gods,0.0022940316776982874
Dragon Ball Z: Bardock - The Father of Goku,Dragon Ball Z: Cooler's Revenge,0.0016733361408824553
Dragon Ball Z: Bardock - The Father of Goku,Dragon Ball Super: Broly,0.0009390596568840782
Madagascar: Escape 2 Africa,Madagascar,0.001725550714243576
Madagascar: Escape 2 Africa,Madagascar 3: Europe's Most Wanted,0.0005156662670209187
Night at the Museum: Secret of the Tomb,Onward,0.0002797605432299238
"I Love You, Beth Cooper",Project X,0.004007706308176034
"I Love You, Beth Cooper",The Kissing Booth,0.0004530300719173075
Joseph: King of Dreams,American Pie Presents: The Book of Love,0.0011794125023043111
Superbad,Project X,0.0050576285723785055
Cinderella II: Dreams Come True,Cinderella,0.0009837195788095577
Cinderella II: Dreams Come True,Cinderella III: A Twist in Time,0.0002522744407848565
Ghost Rider,Hotel Transylvania: Transformania,0.04861391489277681
Ghost Rider,Ghost Rider: Spirit of Vengeance,0.0015845141965689109
The Equalizer 2,The Equalizer,0.0011273428812206884
How to Train Your Dragon: Homecoming,Raya and the Last Dragon,0.00996935542633826
How to Train Your Dragon: Homecoming,How to Train Your Dragon 2,0.002135539695143326
How to Train Your Dragon: Homecoming,Scooby-Doo! The Sword and the Scoob,0.00017898093712522472
Women,The Hunting,0.022329407333971554
Women,Antlers,0.012904808829115946
Women,The Last Mercenary,0.0033414122929927006
Women,In for a Murder,0.0008072569031316337
The Warrior's Way,Fistful of Vengeance,0.04672265591486424
The Warrior's Way,Ava,0.003981306557962593
The Warrior's Way,Spirit Untamed,0.0030018907467123865
Scooby-Doo! The Sword and the Scoob,Raya and the Last Dragon,0.007377707107659202
Scooby-Doo! The Sword and the Scoob,How to Train Your Dragon: Homecoming,0.00017898093712522472
A Quiet Place,A Quiet Place Part II,0.008633597045399293
A Quiet Place,Jurassic World Dominion,0.002352740330187279
Photocopier,Project X,0.0032325227651853056
Tom and Jerry: The Fast and the Furry,Tom and Jerry: Cowboy Up!,0.02235310187338285
Tom and Jerry: The Fast and the Furry,Tom & Jerry,0.008970803869461298
Tom and Jerry: The Fast and the Furry,Narco Sub,0.004185248519589248
The Hunger Games: Catching Fire,The Hunger Games: Mockingjay - Part 1,0.003833933794368412
The Hunger Games: Catching Fire,The Hunger Games: Mockingjay - Part 2,0.0009371576490587441
The Hunger Games: Catching Fire,The Hunger Games,0.00025495124876560887
Rambo,Rambo: First Blood Part II,0.00021205991829891297
Project Gemini,Don't Look Up,0.0039003490709448346
Red Dot,Aftermath,0.0001513529446519491
Sword Art Online: The Movie – Ordinal Scale,Jumanji: The Next Level,0.0016507872539093785
Sword Art Online: The Movie – Ordinal Scale,Ready Player One,0.001813352904575156
Sword Art Online: The Movie – Ordinal Scale,Wreck-It Ralph,0.0011113360000007111
Sword Art Online: The Movie – Ordinal Scale,Pixels,0.0006274790378083754
Rio 2,Rio,0.0019084925678760005
Rambo: First Blood Part II,One Shot,0.017143041173523624
Rambo: First Blood Part II,Rambo: Last Blood,0.0002898472961807411
Rambo: First Blood Part II,Rambo,0.00021205991829891297
Rambo: First Blood Part II,The Walking Dead,0.00012799170727559555
Kung Fu Panda 2,The Karate Kid,0.0019155306521627367
Kung Fu Panda 2,Kung Fu Panda,0.0024050599847819584
Kung Fu Panda 2,Kung Fu Panda 3,0.0004119636574935863
The Godfather: Part II,The Godfather,0.0023189819759644554
Blood Red Sky,Son,0.006532554536096255
Dead Like Me: Life After Death,"Curious George: Go West, Go Wild",0.00012020391560447405
Cinderella III: A Twist in Time,Cinderella,0.0005705177674460346
Cinderella III: A Twist in Time,Cinderella II: Dreams Come True,0.0002522744407848565
Cinderella III: A Twist in Time,Godmothered,0.0001300852054318286
The Voyeurs,Orphan,0.0008218738469003542
Jupiter Ascending,Dune,0.01053775284870589
A Journal for Jordan,I'm Not Ashamed,0.0002209325434005255
A Journal for Jordan,Hachi: A Dog's Tale,0.00012918653873208763
Ready or Not,Nobody Sleeps in the Woods Tonight,0.00026460901584016627
Hitman: Agent 47,Ava,0.0038282407620339894
Hitman: Agent 47,Birds of Prey (and the Fantabulous Emancipation of One Harley Quinn),0.0015353155163061881
Hitman: Agent 47,Guardians of the Galaxy Vol. 2,0.0014990916264484913
Godmothered,Shrek 2,0.002926947702789411
Godmothered,Me Before You,0.0014979458241128234
Godmothered,Unknown,0.0005371068467174882
Godmothered,Cinderella,0.0004999464110273338
Godmothered,Cinderella III: A Twist in Time,0.0001300852054318286
"Curious George: Go West, Go Wild",Dead Like Me: Life After Death,0.00012020391560447405
Brothers by Blood,The Amazing Spider-Man,0.008485435011623453
Brothers by Blood,The Amazing Spider-Man 2,0.005908064639028849
Brothers by Blood,Wild Indian,0.0029835106058630637
Brothers by Blood,Peter Pan,0.0005369382164932963
The Hunger Games,The Hunger Games: Mockingjay - Part 2,0.0008102247149500605
The Hunger Games,The Hunger Games: Catching Fire,0.00025495124876560887
Hachi: A Dog's Tale,Amina,0.006741788642969712
Hachi: A Dog's Tale,Palmer,0.0011530718329511521
Hachi: A Dog's Tale,I'm Not Ashamed,0.0002576542932406846
Hachi: A Dog's Tale,A Journal for Jordan,0.00012918653873208763
Saw,There's Someone Inside Your House,0.0008670483242396801
Saw,Dinosaur Hotel,0.0005241616193228453
The Day Naruto Became Hokage,Boruto: Naruto the Movie,0.010318451305702176
The Day Naruto Became Hokage,Naruto Shippuden the Movie: Road to Ninja,0.002092646671579951
The Day Naruto Became Hokage,Naruto Shippuden the Movie: The Lost Tower,0.0014009680200910825
Scream 2,Scream 4,0.0006218377152225453
Independence Day: Resurgence,X-Men: Apocalypse,0.0011482124840495238
Independence Day: Resurgence,District 9,0.0002749320489433035
The Purge: Anarchy,The Purge: Election Year,0.0005073344022281061
Chronicle,Project X,0.0030055484991175882
Skyline,Pacific Rim,0.002001853327813041
Skyline,The Tax Collector,0.00047497223140066875
The Expendables 3,The Expendables,0.0016464190273742022
Predestination,The Flash,0.002262123016939169
Predestination,Men in Black 3,0.0005583552363178072
Now You See Me 2,Doctor Strange in the Multiverse of Madness,0.0030656193141221076
Jackass 3D,Jackass Forever,0.0049103398622695775
Don't Breathe,Don't Breathe 2,0.0071316108424616265
Don't Breathe,Masquerade,0.002471451765330966
Don't Breathe,Nobody Sleeps in the Woods Tonight,0.00025696329716581466
Chemical Hearts,I Want to Eat Your Pancreas,0.0007103337305469561
Mortal Engines,Rurouni Kenshin: The Beginning,0.002820485640279996
Mortal Engines,Shanghai Fortress,4.6325750221306025e-05
Dark Phoenix,Bloodthirsty,0.0005274140905626493
Dark Phoenix,The Incredible Hulk,0.00029651648185552936
Barbie as Rapunzel,Raya and the Last Dragon,0.008075265920790503
Barbie: Princess Adventure,"Barbie: Big City, Big Dreams",0.0023871441858788747
Barbie: Princess Adventure,Fairy Tail: Dragon Cry,0.0005098110367538214
Barbie: Princess Adventure,Barbie as The Princess & the Pauper,0.0002236840219445095
Dragon Ball Z: The History of Trunks,Dragon Ball Z: Bojack Unbound,0.001144448591378994
Dragon Ball Z: The History of Trunks,Dragon Ball Z Special 9 - Future Trunks Special,0.000799042586586149
Underworld: Blood Wars,Underworld: Awakening,0.00081288697954622
Stuart Little,The Good Dinosaur,0.0005631131506848511
Solo: A Star Wars Story,Star Wars: The Force Awakens,0.0005040157085623114
Confessions of an Invisible Girl,LOL Surprise: The Movie,0.003961173191874822
Scarface,Bad Boys for Life,0.0019454393611542907
Shanghai Fortress,Mortal Engines,4.6325750221306025e-05
Aftermath,No One Gets Out Alive,0.0016363456484992545
Aftermath,The Exorcist,0.000559708238519539
Aftermath,Red Dot,0.0001513529446519491
The Walking Dead,Rambo: First Blood Part II,0.00012799170727559555
Dear Evan Hansen,I Want to Eat Your Pancreas,0.0005979076246803654
Mission: Impossible - Fallout,Mission: Impossible - Ghost Protocol,0.0005676697028096686
Hummingbird,Batman,0.009633662818958656
Rumble,Monster Family 2,0.0042299600869384725
Rumble,Pokémon Detective Pikachu,0.00205616469286513
"Batman: The Dark Knight Returns, Part 1",The Batman,0.14870616951867663
"Batman: The Dark Knight Returns, Part 1",Batman Begins,0.010503608622695103
"Batman: The Dark Knight Returns, Part 1",The Dark Knight Rises,0.0039020256942343657
"Batman: The Dark Knight Returns, Part 1",The Lego Batman Movie,0.0020081905553476723
"Batman: The Dark Knight Returns, Part 1","Batman: The Long Halloween, Part Two",0.0013587407593912985
"Batman: The Dark Knight Returns, Part 1",Batman: Hush,0.0008098221407922225
